Competition,Country,OW_Event,OW_Date,WA_ID,Athlete,NAT,Sex,Birth,OW_Rank,OW_Time,PoolEvent,WA_SB_YTD_Time,WA_SB_YTD_Date,WA_SB_Upto_Meet,WA_SB_Upto_Country,WA_PB_Upto_Time,WA_PB_Upto_Date,WA_PB_Upto_Meet,WA_PB_Upto_Country
World Aquatics Championships - Singapore 2025,SGP,Women 10km,2025-08-03,a752fce5-38e5-4bde-8787-7a94f88fcdaf,"KAJIMOTO, Ichika",JPN,Women,,8,2:09:27.80,400 Free,4:07.58,2025-03-20,2025 Japan National Swimming Championships (50m),,4:07.58,2025-03-20,2025 Japan National Swimming Championships (50m),
World Aquatics Championships - Singapore 2025,SGP,Women 10km,2025-08-03,a752fce5-38e5-4bde-8787-7a94f88fcdaf,"KAJIMOTO, Ichika",JPN,Women,,8,2:09:27.80,800 Free,8:26.02,2025-03-23,2025 Japan National Swimming Championships (50m),,8:26.02,2025-03-23,2025 Japan National Swimming Championships (50m),
World Aquatics Championships - Singapore 2025,SGP,Women 10km,2025-08-03,a752fce5-38e5-4bde-8787-7a94f88fcdaf,"KAJIMOTO, Ichika",JPN,Women,,8,2:09:27.80,1500 Free,16:10.37,2025-03-21,2025 Japan National Swimming Championships (50m),,16:10.37,2025-03-21,2025 Japan National Swimming Championships (50m),
World Aquatics Championships - Singapore 2025,SGP,Women 10km,2025-08-03,60edbea0-a130-47bb-adba-9026cf8b08d1,"DE VALDES, Maria",ESP,Women,,4,2:08:09.60,400 Free,,,,,4:10.47,2022-07-22,Spanish Summer Junior National Championships (50m),
World Aquatics Championships - Singapore 2025,SGP,Women 10km,2025-08-03,60edbea0-a130-47bb-adba-9026cf8b08d1,"DE VALDES, Maria",ESP,Women,,4,2:08:09.60,800 Free,,,,,8:35.46,2022-07-23,Spanish Summer Junior National Championships (50m),
World Aquatics Championships - Singapore 2025,SGP,Women 10km,2025-08-03,60edbea0-a130-47bb-adba-9026cf8b08d1,"DE VALDES, Maria",ESP,Women,,4,2:08:09.60,1500 Free,,,,,16:18.37,2021-03-26,Spanish National Championships (50m),
World Aquatics Championships - Singapore 2025,SGP,Women 10km,2025-08-03,dfbc2f92-1f1b-4aa3-997f-5381174a29e5,"JOHNSON, Moesha",AUS,Women,,1,2:07:51.30,400 Free,,,,,4:15.78,2019-04-11,Hancock Prospecting Australian National Championships (50m),
World Aquatics Championships - Singapore 2025,SGP,Women 10km,2025-08-03,dfbc2f92-1f1b-4aa3-997f-5381174a29e5,"JOHNSON, Moesha",AUS,Women,,1,2:07:51.30,800 Free,,,,,8:26.35,2022-05-18,Australian National Championships (50m),
World Aquatics Championships - Singapore 2025,SGP,Women 10km,2025-08-03,dfbc2f92-1f1b-4aa3-997f-5381174a29e5,"JOHNSON, Moesha",AUS,Women,,1,2:07:51.30,1500 Free,,,,,16:00.74,2022-05-21,Australian National Championships (50m),
World Aquatics Championships - Singapore 2025,SGP,Women 10km,2025-08-03,c8cea461-998a-406f-8a25-b63e09a2ae72,"MARTINEZ GUILLEN, Angela",ESP,Women,,5,2:08:17.30,400 Free,,,,,4:13.79,2024-02-21,2024 Spanish Winter Championships (50m),
World Aquatics Championships - Singapore 2025,SGP,Women 10km,2025-08-03,c8cea461-998a-406f-8a25-b63e09a2ae72,"MARTINEZ GUILLEN, Angela",ESP,Women,,5,2:08:17.30,800 Free,,,,,8:36.23,2022-04-09,Spanish Spring National Championships (50m),
World Aquatics Championships - Singapore 2025,SGP,Women 10km,2025-08-03,c8cea461-998a-406f-8a25-b63e09a2ae72,"MARTINEZ GUILLEN, Angela",ESP,Women,,5,2:08:17.30,1500 Free,,,,,16:20.66,2022-04-11,Spanish Spring National Championships (50m),
World Aquatics Championships - Singapore 2025,SGP,Women 10km,2025-08-03,5c741a2f-f235-4637-8fd8-1f3b91b19f5f,"CUNHA, Ana Marcela",BRA,Women,,6,2:09:21.90,400 Free,,,,,4:22.65,2009-05-07,Brazilian National Championships (50m),
World Aquatics Championships - Singapore 2025,SGP,Women 10km,2025-08-03,5c741a2f-f235-4637-8fd8-1f3b91b19f5f,"CUNHA, Ana Marcela",BRA,Women,,6,2:09:21.90,800 Free,,,,,8:52.46,2009-05-05,Brazilian National Championships (50m),
World Aquatics Championships - Singapore 2025,SGP,Women 10km,2025-08-03,5c741a2f-f235-4637-8fd8-1f3b91b19f5f,"CUNHA, Ana Marcela",BRA,Women,,6,2:09:21.90,1500 Free,,,,,16:56.76,2009-05-08,Brazilian National Championships (50m),
World Aquatics Championships - Singapore 2025,SGP,Women 10km,2025-08-03,3a64b881-89b1-4091-81c5-2d211beacdc7,"ROSA, Mafalda",POR,Women,,7,2:09:22.70,400 Free,,,,,4:32.44,2019-04-06,Portuguese Junior National Championships (50m),
World Aquatics Championships - Singapore 2025,SGP,Women 10km,2025-08-03,3a64b881-89b1-4091-81c5-2d211beacdc7,"ROSA, Mafalda",POR,Women,,7,2:09:22.70,800 Free,,,,,9:06.53,2019-04-05,Portuguese Junior National Championships (50m),
World Aquatics Championships - Singapore 2025,SGP,Women 10km,2025-08-03,3a64b881-89b1-4091-81c5-2d211beacdc7,"ROSA, Mafalda",POR,Women,,7,2:09:22.70,1500 Free,,,,,17:14.25,2021-07-30,Portuguese National Championships (50m),
World Aquatics Championships - Singapore 2025,SGP,Women 10km,2025-08-03,d527817f-69be-43b5-bee2-fe027c0b6a3b,"POU, Lisa",MON,Women,,3,2:07:57.50,400 Free,,,,,4:23.16,2019-04-16,French National Championships (50m),
World Aquatics Championships - Singapore 2025,SGP,Women 10km,2025-08-03,d527817f-69be-43b5-bee2-fe027c0b6a3b,"POU, Lisa",MON,Women,,3,2:07:57.50,800 Free,,,,,8:50.68,2021-06-19,National French Championships (50m),
World Aquatics Championships - Singapore 2025,SGP,Women 10km,2025-08-03,d527817f-69be-43b5-bee2-fe027c0b6a3b,"POU, Lisa",MON,Women,,3,2:07:57.50,1500 Free,,,,,16:44.49,2019-04-18,French National Championships (50m),
World Aquatics Championships - Singapore 2025,SGP,Women 10km,2025-08-03,7c59b526-c186-4a32-9859-c98639f62034,"TADDEUCCI, Ginevra",ITA,Women,,2,2:07:55.70,400 Free,,,,,4:19.13,2013-08-06,Italian Summer National Championships (50m),
World Aquatics Championships - Singapore 2025,SGP,Women 10km,2025-08-03,7c59b526-c186-4a32-9859-c98639f62034,"TADDEUCCI, Ginevra",ITA,Women,,2,2:07:55.70,800 Free,,,,,8:39.97,2021-04-01,Italian National Championships (50m),
World Aquatics Championships - Singapore 2025,SGP,Women 10km,2025-08-03,7c59b526-c186-4a32-9859-c98639f62034,"TADDEUCCI, Ginevra",ITA,Women,,2,2:07:55.70,1500 Free,,,,,16:20.39,2022-04-11,Italian National Championships (50m),
World Aquatics Championships - Singapore 2025,SGP,Women 10km,2025-08-03,7d8468af-ffa5-4756-a879-554f7ad05886,"POZZOBON, Barbara",ITA,Women,,10,2:09:30.30,400 Free,,,,,,,,
World Aquatics Championships - Singapore 2025,SGP,Women 10km,2025-08-03,7d8468af-ffa5-4756-a879-554f7ad05886,"POZZOBON, Barbara",ITA,Women,,10,2:09:30.30,800 Free,,,,,8:53.84,2016-04-19,Italian National Championships (50m),
World Aquatics Championships - Singapore 2025,SGP,Women 10km,2025-08-03,7d8468af-ffa5-4756-a879-554f7ad05886,"POZZOBON, Barbara",ITA,Women,,10,2:09:30.30,1500 Free,,,,,16:32.04,2022-04-11,Italian National Championships (50m),
World Aquatics Championships - Singapore 2025,SGP,Women 10km,2025-08-03,8a3d9d07-4751-458a-b8e4-f2f21442c165,"GUBECKA, Chelsea",AUS,Women,,9,2:09:28.80,400 Free,,,,,4:14.19,2023-04-19,Australian National Championships (50m),
World Aquatics Championships - Singapore 2025,SGP,Women 10km,2025-08-03,8a3d9d07-4751-458a-b8e4-f2f21442c165,"GUBECKA, Chelsea",AUS,Women,,9,2:09:28.80,800 Free,,,,,8:38.54,2014-04-01,Australian National Championships (50m),
World Aquatics Championships - Singapore 2025,SGP,Women 10km,2025-08-03,8a3d9d07-4751-458a-b8e4-f2f21442c165,"GUBECKA, Chelsea",AUS,Women,,9,2:09:28.80,1500 Free,,,,,16:23.41,2014-04-01,Australian National Championships (50m),
World Aquatics Championships - Singapore 2025,SGP,Men 10km,2025-08-03,cafd89a8-2e0b-4532-95c3-7a183a041cc5,"PALTRINIERI, Gregorio",ITA,Men,,2,1:59:59.20,400 Free,,,,,3:48.41,2014-04-08,Italian National Spring Championships (50m),
World Aquatics Championships - Singapore 2025,SGP,Men 10km,2025-08-03,cafd89a8-2e0b-4532-95c3-7a183a041cc5,"PALTRINIERI, Gregorio",ITA,Men,,2,1:59:59.20,800 Free,,,,,7:41.96,2021-04-01,Italian National Championships (50m),
World Aquatics Championships - Singapore 2025,SGP,Men 10km,2025-08-03,cafd89a8-2e0b-4532-95c3-7a183a041cc5,"PALTRINIERI, Gregorio",ITA,Men,,2,1:59:59.20,1500 Free,,,,,14:37.08,2017-04-07,Italian National Championship (50m),
World Aquatics Championships - Singapore 2025,SGP,Men 10km,2025-08-03,ee6c634c-61e2-4197-be50-d3198894ef76,"KARL, Luca",AUT,Men,,5,2:00:30.40,400 Free,,,,,3:57.97,2024-12-20,2024 Gyor Open (50m),
World Aquatics Championships - Singapore 2025,SGP,Men 10km,2025-08-03,ee6c634c-61e2-4197-be50-d3198894ef76,"KARL, Luca",AUT,Men,,5,2:00:30.40,800 Free,,,,,8:21.57,2021-08-01,Austrian National and Junior Championships (50m),
World Aquatics Championships - Singapore 2025,SGP,Men 10km,2025-08-03,ee6c634c-61e2-4197-be50-d3198894ef76,"KARL, Luca",AUT,Men,,5,2:00:30.40,1500 Free,,,,,15:28.31,2024-12-18,2024 Gyor Open (50m),
World Aquatics Championships - Singapore 2025,SGP,Men 10km,2025-08-03,9f3e3890-4f7e-4cd6-b83e-7300e84621dd,"LEE, Kyle",AUS,Men,,3,2:00:10.30,400 Free,,,,,,,,
World Aquatics Championships - Singapore 2025,SGP,Men 10km,2025-08-03,9f3e3890-4f7e-4cd6-b83e-7300e84621dd,"LEE, Kyle",AUS,Men,,3,2:00:10.30,800 Free,,,,,,,,
World Aquatics Championships - Singapore 2025,SGP,Men 10km,2025-08-03,9f3e3890-4f7e-4cd6-b83e-7300e84621dd,"LEE, Kyle",AUS,Men,,3,2:00:10.30,1500 Free,,,,,,,,
World Aquatics Championships - Singapore 2025,SGP,Men 10km,2025-08-03,87899af0-24ec-48bc-ba4e-b9e1f0be0914,"WELLBROCK, Florian",GER,Men,,1,1:59:55.50,400 Free,,,,,3:47.14,2019-08-04,German National Championships (50m),
World Aquatics Championships - Singapore 2025,SGP,Men 10km,2025-08-03,87899af0-24ec-48bc-ba4e-b9e1f0be0914,"WELLBROCK, Florian",GER,Men,,1,1:59:55.50,800 Free,,,,,7:47.69,2019-08-02,German National Championships (50m),
World Aquatics Championships - Singapore 2025,SGP,Men 10km,2025-08-03,87899af0-24ec-48bc-ba4e-b9e1f0be0914,"WELLBROCK, Florian",GER,Men,,1,1:59:55.50,1500 Free,,,,,14:46.61,2020-02-07,German National Championships (50m),
World Aquatics Championships - Singapore 2025,SGP,Men 10km,2025-08-03,813da858-90a4-4415-9296-ec2e59189cca,"ADEEV, Denis",NAB,Men,,6,2:00:35.80,400 Free,,,,,3:50.63,2022-04-24,Russian National Championships (50m),
World Aquatics Championships - Singapore 2025,SGP,Men 10km,2025-08-03,813da858-90a4-4415-9296-ec2e59189cca,"ADEEV, Denis",NAB,Men,,6,2:00:35.80,800 Free,,,,,7:57.76,2023-04-18,Russian National Championships (50m),
World Aquatics Championships - Singapore 2025,SGP,Men 10km,2025-08-03,813da858-90a4-4415-9296-ec2e59189cca,"ADEEV, Denis",NAB,Men,,6,2:00:35.80,1500 Free,,,,,15:59.55,2018-04-21,Russian National Championships (50m),
World Aquatics Championships - Singapore 2025,SGP,Men 10km,2025-08-03,9649e7ae-626a-4c01-b2f8-7de629e260b8,"FILADELLI, Andrea",ITA,Men,,7,2:00:43.70,400 Free,,,,,3:56.16,2022-04-09,Italian National Championships (50m),
World Aquatics Championships - Singapore 2025,SGP,Men 10km,2025-08-03,9649e7ae-626a-4c01-b2f8-7de629e260b8,"FILADELLI, Andrea",ITA,Men,,7,2:00:43.70,800 Free,,,,,8:09.02,2022-04-11,Italian National Championships (50m),
World Aquatics Championships - Singapore 2025,SGP,Men 10km,2025-08-03,9649e7ae-626a-4c01-b2f8-7de629e260b8,"FILADELLI, Andrea",ITA,Men,,7,2:00:43.70,1500 Free,,,,,15:40.84,2022-04-13,Italian National Championships (50m),
World Aquatics Championships - Singapore 2025,SGP,Men 10km,2025-08-03,ed813eee-f8fd-4a86-8338-22f48119836b,"SLOMAN, Nicholas",AUS,Men,,8,2:01:01.90,400 Free,,,,,3:54.25,2022-05-18,Australian National Championships (50m),
World Aquatics Championships - Singapore 2025,SGP,Men 10km,2025-08-03,ed813eee-f8fd-4a86-8338-22f48119836b,"SLOMAN, Nicholas",AUS,Men,,8,2:01:01.90,800 Free,,,,,,,,
World Aquatics Championships - Singapore 2025,SGP,Men 10km,2025-08-03,ed813eee-f8fd-4a86-8338-22f48119836b,"SLOMAN, Nicholas",AUS,Men,,8,2:01:01.90,1500 Free,,,,,15:18.20,2023-04-18,Australian National Championships (50m),
World Aquatics Championships - Singapore 2025,SGP,Men 10km,2025-08-03,107cdd56-dd02-47b4-8ce5-cf3b4d8620bd,"KLEMET, Oliver",GER,Men,,4,2:00:10.40,400 Free,,,,,4:03.12,2019-05-31,German Junior National Championships (50m) 2019,
World Aquatics Championships - Singapore 2025,SGP,Men 10km,2025-08-03,107cdd56-dd02-47b4-8ce5-cf3b4d8620bd,"KLEMET, Oliver",GER,Men,,4,2:00:10.40,800 Free,,,,,,,,
World Aquatics Championships - Singapore 2025,SGP,Men 10km,2025-08-03,107cdd56-dd02-47b4-8ce5-cf3b4d8620bd,"KLEMET, Oliver",GER,Men,,4,2:00:10.40,1500 Free,,,,,15:58.83,2019-05-30,German Junior National Championships (50m) 2019,
World Aquatics Championships - Singapore 2025,SGP,Men 10km,2025-08-03,e8ea7cf0-ce4c-4953-ae27-61b5bb62a35f,"BETLEHEM, David",HUN,Men,,9,2:01:13.80,400 Free,3:47.86,2025-04-10,2025 Hungarian National Championships (50m),,3:47.86,2025-04-10,2025 Hungarian National Championships (50m),
World Aquatics Championships - Singapore 2025,SGP,Men 10km,2025-08-03,e8ea7cf0-ce4c-4953-ae27-61b5bb62a35f,"BETLEHEM, David",HUN,Men,,9,2:01:13.80,800 Free,7:48.02,2025-04-12,2025 Hungarian National Championships (50m),,7:48.02,2025-04-12,2025 Hungarian National Championships (50m),
World Aquatics Championships - Singapore 2025,SGP,Men 10km,2025-08-03,e8ea7cf0-ce4c-4953-ae27-61b5bb62a35f,"BETLEHEM, David",HUN,Men,,9,2:01:13.80,1500 Free,14:48.73,2025-04-09,2025 Hungarian National Championships (50m),,14:48.73,2025-04-09,2025 Hungarian National Championships (50m),
World Aquatics Championships - Singapore 2025,SGP,Men 10km,2025-08-03,5ad59718-948d-41ed-8915-f1a296055272,"SCHREIBER, Christian",SUI,Men,,10,2:01:39.50,400 Free,,,,,4:00.22,2022-03-24,Swiss National Championships (50m),
World Aquatics Championships - Singapore 2025,SGP,Men 10km,2025-08-03,5ad59718-948d-41ed-8915-f1a296055272,"SCHREIBER, Christian",SUI,Men,,10,2:01:39.50,800 Free,,,,,8:15.14,2022-03-27,Swiss National Championships (50m),
World Aquatics Championships - Singapore 2025,SGP,Men 10km,2025-08-03,5ad59718-948d-41ed-8915-f1a296055272,"SCHREIBER, Christian",SUI,Men,,10,2:01:39.50,1500 Free,,,,,15:42.07,2022-03-23,Swiss National Championships (50m),
10th FINA World Championships 2003,ESP,Women 10km,2003-07-27,bd2d1cad-e73e-4758-94e2-13d63a783cac,"WOOD, Paula",GBR,Women,,8,2:01:51.60,400 Free,,,,,,,,
10th FINA World Championships 2003,ESP,Women 10km,2003-07-27,bd2d1cad-e73e-4758-94e2-13d63a783cac,"WOOD, Paula",GBR,Women,,8,2:01:51.60,800 Free,,,,,,,,
10th FINA World Championships 2003,ESP,Women 10km,2003-07-27,bd2d1cad-e73e-4758-94e2-13d63a783cac,"WOOD, Paula",GBR,Women,,8,2:01:51.60,1500 Free,,,,,,,,
10th FINA World Championships 2003,ESP,Women 10km,2003-07-27,25e99e0a-47b1-480b-a4ab-3a929d0bd1d5,"VALLI, Viola",ITA,Women,,1,1:59:49.90,400 Free,,,,,,,,
10th FINA World Championships 2003,ESP,Women 10km,2003-07-27,25e99e0a-47b1-480b-a4ab-3a929d0bd1d5,"VALLI, Viola",ITA,Women,,1,1:59:49.90,800 Free,,,,,,,,
10th FINA World Championships 2003,ESP,Women 10km,2003-07-27,25e99e0a-47b1-480b-a4ab-3a929d0bd1d5,"VALLI, Viola",ITA,Women,,1,1:59:49.90,1500 Free,,,,,,,,
10th FINA World Championships 2003,ESP,Women 10km,2003-07-27,4e204921-fa55-43a7-833d-db5f23ecce28,"HUTCHINSON, Trudee",AUS,Women,,6,2:00:03.70,400 Free,,,,,,,,
10th FINA World Championships 2003,ESP,Women 10km,2003-07-27,4e204921-fa55-43a7-833d-db5f23ecce28,"HUTCHINSON, Trudee",AUS,Women,,6,2:00:03.70,800 Free,,,,,,,,
10th FINA World Championships 2003,ESP,Women 10km,2003-07-27,4e204921-fa55-43a7-833d-db5f23ecce28,"HUTCHINSON, Trudee",AUS,Women,,6,2:00:03.70,1500 Free,,,,,,,,
10th FINA World Championships 2003,ESP,Women 10km,2003-07-27,ec857535-bb7b-4dd0-a2f5-0b8a8b05fbaa,"VAN DER WEIJDEN, Etta",NED,Women,,7,2:01:23.70,400 Free,,,,,,,,
10th FINA World Championships 2003,ESP,Women 10km,2003-07-27,ec857535-bb7b-4dd0-a2f5-0b8a8b05fbaa,"VAN DER WEIJDEN, Etta",NED,Women,,7,2:01:23.70,800 Free,,,,,,,,
10th FINA World Championships 2003,ESP,Women 10km,2003-07-27,ec857535-bb7b-4dd0-a2f5-0b8a8b05fbaa,"VAN DER WEIJDEN, Etta",NED,Women,,7,2:01:23.70,1500 Free,,,,,,,,
10th FINA World Championships 2003,ESP,Women 10km,2003-07-27,c4afc1d2-1fcc-4d74-b34c-cb38095b4155,"KAMRAU-CORESTEIN, Britta",GER,Women,,5,1:59:58.40,400 Free,,,,,,,,
10th FINA World Championships 2003,ESP,Women 10km,2003-07-27,c4afc1d2-1fcc-4d74-b34c-cb38095b4155,"KAMRAU-CORESTEIN, Britta",GER,Women,,5,1:59:58.40,800 Free,,,,,,,,
10th FINA World Championships 2003,ESP,Women 10km,2003-07-27,c4afc1d2-1fcc-4d74-b34c-cb38095b4155,"KAMRAU-CORESTEIN, Britta",GER,Women,,5,1:59:58.40,1500 Free,,,,,,,,
10th FINA World Championships 2003,ESP,Women 10km,2003-07-27,c74e7753-f699-47c6-827e-098bef1afb1d,"VAN DIJK, Edith",NED,Women,,3,1:59:53.00,400 Free,,,,,,,,
10th FINA World Championships 2003,ESP,Women 10km,2003-07-27,c74e7753-f699-47c6-827e-098bef1afb1d,"VAN DIJK, Edith",NED,Women,,3,1:59:53.00,800 Free,,,,,,,,
10th FINA World Championships 2003,ESP,Women 10km,2003-07-27,c74e7753-f699-47c6-827e-098bef1afb1d,"VAN DIJK, Edith",NED,Women,,3,1:59:53.00,1500 Free,,,,,,,,
10th FINA World Championships 2003,ESP,Women 10km,2003-07-27,95671e6c-6bc8-47a0-9279-d928ca26efda,"SELIVERSTOVA, Ekaterina",RUS,Women,,4,1:59:55.90,400 Free,,,,,,,,
10th FINA World Championships 2003,ESP,Women 10km,2003-07-27,95671e6c-6bc8-47a0-9279-d928ca26efda,"SELIVERSTOVA, Ekaterina",RUS,Women,,4,1:59:55.90,800 Free,,,,,,,,
10th FINA World Championships 2003,ESP,Women 10km,2003-07-27,95671e6c-6bc8-47a0-9279-d928ca26efda,"SELIVERSTOVA, Ekaterina",RUS,Women,,4,1:59:55.90,1500 Free,,,,,,,,
10th FINA World Championships 2003,ESP,Women 10km,2003-07-27,0d13f31b-2bff-4588-a35e-bf9560c1096f,"MAURER, Angela",GER,Women,,2,1:59:51.10,400 Free,,,,,,,,
10th FINA World Championships 2003,ESP,Women 10km,2003-07-27,0d13f31b-2bff-4588-a35e-bf9560c1096f,"MAURER, Angela",GER,Women,,2,1:59:51.10,800 Free,,,,,,,,
10th FINA World Championships 2003,ESP,Women 10km,2003-07-27,0d13f31b-2bff-4588-a35e-bf9560c1096f,"MAURER, Angela",GER,Women,,2,1:59:51.10,1500 Free,,,,,,,,
10th FINA World Championships 2003,ESP,Women 10km,2003-07-27,1a1fd3ed-592f-4d2a-be2a-893c22f95db6,"GUERRA, Silvia",ESP,Women,,9,2:01:53.40,400 Free,,,,,,,,
10th FINA World Championships 2003,ESP,Women 10km,2003-07-27,1a1fd3ed-592f-4d2a-be2a-893c22f95db6,"GUERRA, Silvia",ESP,Women,,9,2:01:53.40,800 Free,,,,,,,,
10th FINA World Championships 2003,ESP,Women 10km,2003-07-27,1a1fd3ed-592f-4d2a-be2a-893c22f95db6,"GUERRA, Silvia",ESP,Women,,9,2:01:53.40,1500 Free,,,,,,,,
10th FINA World Championships 2003,ESP,Women 10km,2003-07-27,4b732a63-9582-4480-8b59-20c6f4cc085e,"ZHDANOVA, Ekaterina",RUS,Women,,10,2:01:58.00,400 Free,,,,,,,,
10th FINA World Championships 2003,ESP,Women 10km,2003-07-27,4b732a63-9582-4480-8b59-20c6f4cc085e,"ZHDANOVA, Ekaterina",RUS,Women,,10,2:01:58.00,800 Free,,,,,,,,
10th FINA World Championships 2003,ESP,Women 10km,2003-07-27,4b732a63-9582-4480-8b59-20c6f4cc085e,"ZHDANOVA, Ekaterina",RUS,Women,,10,2:01:58.00,1500 Free,,,,,,,,
10th FINA World Championships 2003,ESP,Men 10km,2003-07-27,584a44e3-9ff0-4f1c-ac5d-0f255f502535,"MECA MEDINA, David",ESP,Men,,3,1:51:08.40,400 Free,,,,,,,,
10th FINA World Championships 2003,ESP,Men 10km,2003-07-27,584a44e3-9ff0-4f1c-ac5d-0f255f502535,"MECA MEDINA, David",ESP,Men,,3,1:51:08.40,800 Free,,,,,,,,
10th FINA World Championships 2003,ESP,Men 10km,2003-07-27,584a44e3-9ff0-4f1c-ac5d-0f255f502535,"MECA MEDINA, David",ESP,Men,,3,1:51:08.40,1500 Free,,,,,,,,
10th FINA World Championships 2003,ESP,Men 10km,2003-07-27,e042e8ce-6265-4a52-aea0-0ccd33c9c977,"SALIBA, Mark",AUS,Men,,6,1:51:12.80,400 Free,,,,,,,,
10th FINA World Championships 2003,ESP,Men 10km,2003-07-27,e042e8ce-6265-4a52-aea0-0ccd33c9c977,"SALIBA, Mark",AUS,Men,,6,1:51:12.80,800 Free,,,,,,,,
10th FINA World Championships 2003,ESP,Men 10km,2003-07-27,e042e8ce-6265-4a52-aea0-0ccd33c9c977,"SALIBA, Mark",AUS,Men,,6,1:51:12.80,1500 Free,,,,,,,,
10th FINA World Championships 2003,ESP,Men 10km,2003-07-27,f99fa751-7892-46f2-85b6-c33ed929ad2f,"STOYCHEV, Petar",BUL,Men,,5,1:51:12.50,400 Free,,,,,,,,
10th FINA World Championships 2003,ESP,Men 10km,2003-07-27,f99fa751-7892-46f2-85b6-c33ed929ad2f,"STOYCHEV, Petar",BUL,Men,,5,1:51:12.50,800 Free,,,,,,,,
10th FINA World Championships 2003,ESP,Men 10km,2003-07-27,f99fa751-7892-46f2-85b6-c33ed929ad2f,"STOYCHEV, Petar",BUL,Men,,5,1:51:12.50,1500 Free,,,,,,,,
10th FINA World Championships 2003,ESP,Men 10km,2003-07-27,077305f1-2855-4320-9f09-2bde5af70f07,"BEZRUCHENKO, Yevgeny",RUS,Men,,4,1:51:08.50,400 Free,,,,,,,,
10th FINA World Championships 2003,ESP,Men 10km,2003-07-27,077305f1-2855-4320-9f09-2bde5af70f07,"BEZRUCHENKO, Yevgeny",RUS,Men,,4,1:51:08.50,800 Free,,,,,,,,
10th FINA World Championships 2003,ESP,Men 10km,2003-07-27,077305f1-2855-4320-9f09-2bde5af70f07,"BEZRUCHENKO, Yevgeny",RUS,Men,,4,1:51:08.50,1500 Free,,,,,,,,
10th FINA World Championships 2003,ESP,Men 10km,2003-07-27,755713fe-5b8a-492c-9d75-49193cdc1c9b,"DYATCHIN, Vladimir",RUS,Men,,1,1:50:58.80,400 Free,,,,,,,,
10th FINA World Championships 2003,ESP,Men 10km,2003-07-27,755713fe-5b8a-492c-9d75-49193cdc1c9b,"DYATCHIN, Vladimir",RUS,Men,,1,1:50:58.80,800 Free,,,,,,,,
10th FINA World Championships 2003,ESP,Men 10km,2003-07-27,755713fe-5b8a-492c-9d75-49193cdc1c9b,"DYATCHIN, Vladimir",RUS,Men,,1,1:50:58.80,1500 Free,,,,,,,,
10th FINA World Championships 2003,ESP,Men 10km,2003-07-27,cd65b1cc-38d7-42a5-b9e4-ed95198963d3,"BLAUM, Damian",ARG,Men,,8,1:51:13.80,400 Free,,,,,,,,
10th FINA World Championships 2003,ESP,Men 10km,2003-07-27,cd65b1cc-38d7-42a5-b9e4-ed95198963d3,"BLAUM, Damian",ARG,Men,,8,1:51:13.80,800 Free,,,,,,,,
10th FINA World Championships 2003,ESP,Men 10km,2003-07-27,cd65b1cc-38d7-42a5-b9e4-ed95198963d3,"BLAUM, Damian",ARG,Men,,8,1:51:13.80,1500 Free,,,,,,,,
10th FINA World Championships 2003,ESP,Men 10km,2003-07-27,b1820b7b-fdef-43eb-b9f1-258a3807ada5,"HEIN, Christian",GER,Men,,2,1:51:06.50,400 Free,,,,,,,,
10th FINA World Championships 2003,ESP,Men 10km,2003-07-27,b1820b7b-fdef-43eb-b9f1-258a3807ada5,"HEIN, Christian",GER,Men,,2,1:51:06.50,800 Free,,,,,,,,
10th FINA World Championships 2003,ESP,Men 10km,2003-07-27,b1820b7b-fdef-43eb-b9f1-258a3807ada5,"HEIN, Christian",GER,Men,,2,1:51:06.50,1500 Free,,,,,,,,
10th FINA World Championships 2003,ESP,Men 10km,2003-07-27,94b263d3-2ea7-47e0-afe7-a7a3b5c3cb72,"RONDY, Gilles",FRA,Men,,7,1:51:13.00,400 Free,,,,,,,,
10th FINA World Championships 2003,ESP,Men 10km,2003-07-27,94b263d3-2ea7-47e0-afe7-a7a3b5c3cb72,"RONDY, Gilles",FRA,Men,,7,1:51:13.00,800 Free,,,,,,,,
10th FINA World Championships 2003,ESP,Men 10km,2003-07-27,94b263d3-2ea7-47e0-afe7-a7a3b5c3cb72,"RONDY, Gilles",FRA,Men,,7,1:51:13.00,1500 Free,,,,,,,,
10th FINA World Championships 2003,ESP,Men 10km,2003-07-27,26f797e1-08a7-422d-a52a-0f593c0b6338,"PAMPANA, Samuele",ITA,Men,,10,1:51:14.40,400 Free,,,,,,,,
10th FINA World Championships 2003,ESP,Men 10km,2003-07-27,26f797e1-08a7-422d-a52a-0f593c0b6338,"PAMPANA, Samuele",ITA,Men,,10,1:51:14.40,800 Free,,,,,,,,
10th FINA World Championships 2003,ESP,Men 10km,2003-07-27,26f797e1-08a7-422d-a52a-0f593c0b6338,"PAMPANA, Samuele",ITA,Men,,10,1:51:14.40,1500 Free,,,,,,,,
10th FINA World Championships 2003,ESP,Men 10km,2003-07-27,35c147e4-95d2-4dad-b368-b895bf13d679,"POISSIER, Emmanuel",FRA,Men,,9,1:51:14.00,400 Free,,,,,,,,
10th FINA World Championships 2003,ESP,Men 10km,2003-07-27,35c147e4-95d2-4dad-b368-b895bf13d679,"POISSIER, Emmanuel",FRA,Men,,9,1:51:14.00,800 Free,,,,,,,,
10th FINA World Championships 2003,ESP,Men 10km,2003-07-27,35c147e4-95d2-4dad-b368-b895bf13d679,"POISSIER, Emmanuel",FRA,Men,,9,1:51:14.00,1500 Free,,,,,,,,
